image,label_name
37,senne
39,senne;youssef;konrad
40,seppe;alper;daiane;senne
43,raul
45,nothing
51,lasse;akif
58,bart;seppe
62,konrad
66,seppe;florian
78,alper
103,daiane
125,raul
139,youssef
160,lasse;alper;youssef;akif
161,florian;nelli
166,akif
168,konrad
174,bart
179,alper;akif
182,senne;youssef;michiel;bart
194,alper;seppe
221,daiane
226,senne
233,michiel;matthias;lasse
245,matthias;florian
246,lasse;florian;matthias;akif
255,florian;nelli;senne
262,lasse;youssef;matthias
268,lasse
275,bart
282,alper;akif
316,raul
344,bart;senne
377,daiane;senne;daiane
381,alper;senne;seppe;daiane
398,michiel;raul;youssef;florian
416,seppe
418,nelli;lasse;seppe
420,matthias;daiane
423,raul;alper
427,nothing
435,alper
443,florian
444,seppe
448,alper
450,alper
452,lasse;nelli;seppe;michiel
454,lasse;lasse;bart
472,alper;florian;matthias
481,bart
513,nothing
521,lasse;senne;michiel;youssef
540,lasse;matthias
551,nelli;daiane
584,nelli;seppe
589,konrad
590,lasse
592,michiel
594,seppe;alper
596,nelli
599,florian
603,konrad;senne;youssef
605,nelli;seppe
612,michiel;raul
614,senne
615,youssef;senne
621,daiane
624,lasse;seppe
629,konrad
638,konrad;alper;akif
641,florian
646,raul;matthias
648,matthias
664,matthias;florian
668,florian;youssef;daiane
669,senne;raul;matthias;youssef
675,seppe;alper
676,matthias;youssef
679,senne;raul
698,bart;konrad
754,florian;youssef
757,nelli;seppe
763,daiane
764,konrad
765,lasse
766,senne
770,nothing
772,youssef
779,daiane;seppe;akif;daiane
786,daiane;konrad
790,florian
792,youssef
794,lasse
799,raul
805,michiel
808,lasse
818,bart;matthias;daiane
822,youssef;raul
825,florian
